{"epoch/lr": 0.00025, "trainer/global_step": 45475, "_timestamp": 1725693307.0920238, "_runtime": 60453.754428863525, "_step": 985, "loss/train_step": 0.10599397867918015, "acc/train_step": 0.9622567892074585, "auroc/train_step": 0.9912298323971597, "epoch": 25, "loss/val": 0.881226658821106, "acc/val": 0.7967003583908081, "auroc/val": 0.9089800460794705, "loss/train_epoch": 0.09593227505683899, "acc/train_epoch": 0.9660046696662903, "auroc/train_epoch": 0.9920535758555773, "loss/test": 1.007130742073059, "acc/test": 0.7794075012207031, "auroc/test": 0.8967632386081957, "_wandb": {"runtime": 60453}}