{"epoch/lr": 9.184693877551158e-07, "trainer/global_step": 51500, "_timestamp": 1724473754.6451852, "_runtime": 19717.855236291885, "_step": 2531, "loss/train_step": 0.0008457563235424459, "epoch": 500, "loss/val": 1.133744478225708, "accuracy_balanced/val": 0.8198970398970399, "precision_micro/val": 0.8550000190734863, "recall_micro/val": 0.8550000190734863, "f1_micro/val": 0.8550000190734863, "auroc_macro/val": 0.9733842611312866, "loss/train_epoch": 1.7657781427260488e-05, "accuracy_balanced/train": 1.0, "precision_micro/train": 1.0, "recall_micro/train": 1.0, "f1_micro/train": 1.0, "auroc_macro/train": 1.0, "loss/test": 1.2535820007324219, "_wandb": {"runtime": 19717}}