{"epoch/lr": 0.00045005000000000007, "trainer/global_step": 1099, "_timestamp": 1724287659.2178504, "_runtime": 311.83224534988403, "_step": 52, "loss/train_step": 0.08328556269407272, "epoch": 10, "loss/val": 1.0018688440322876, "accuracy_balanced/val": 0.6602168402168402, "precision_micro/val": 0.7099999785423279, "recall_micro/val": 0.7099999785423279, "f1_micro/val": 0.7099999785423279, "auroc_macro/val": 0.9435092806816101, "loss/train_epoch": 0.32724446058273315, "accuracy_balanced/train": 0.8793549711530534, "precision_micro/train": 0.905672013759613, "recall_micro/train": 0.905672013759613, "f1_micro/train": 0.905672013759613, "auroc_macro/train": 0.9835437536239624, "_wandb": {"runtime": 318}}