{"epoch/lr": 0.00045005000000000007, "trainer/global_step": 1099, "_timestamp": 1724287240.6511092, "_runtime": 918.2080752849579, "_step": 52, "loss/train_step": 0.38392019271850586, "epoch": 10, "loss/val": 2.284994125366211, "accuracy_balanced/val": 0.44752895752895744, "precision_micro/val": 0.4399999976158142, "recall_micro/val": 0.4399999976158142, "f1_micro/val": 0.4399999976158142, "auroc_macro/val": 0.886725902557373, "loss/train_epoch": 0.5973640084266663, "accuracy_balanced/train": 0.7560150655437771, "precision_micro/train": 0.7946978807449341, "recall_micro/train": 0.7946978807449341, "f1_micro/train": 0.7946978807449341, "auroc_macro/train": 0.9632440209388733, "_wandb": {"runtime": 938}}