{"epoch/lr": 9.184693877551158e-07, "trainer/global_step": 51500, "_timestamp": 1724453762.148003, "_runtime": 37162.11108708382, "_step": 2531, "loss/train_step": 8.738298416137695, "epoch": 500, "loss/val": 1.2904579639434814, "accuracy_balanced/val": 0.7888229788229788, "precision_micro/val": 0.8199999928474426, "recall_micro/val": 0.8199999928474426, "f1_micro/val": 0.8199999928474426, "auroc_macro/val": 0.9748230576515198, "loss/train_epoch": 0.010792053304612637, "accuracy_balanced/train": 0.9988338192419824, "precision_micro/train": 0.9987669587135315, "recall_micro/train": 0.9987669587135315, "f1_micro/train": 0.9987669587135315, "auroc_macro/train": 0.9998882412910461, "loss/test": 1.211233377456665, "_wandb": {"runtime": 37150}}