{"epoch/lr": 9.184693877551158e-07, "trainer/global_step": 51500, "_timestamp": 1724436885.0798411, "_runtime": 17034.806175231934, "_step": 2531, "loss/train_step": 1.2829628758481704e-05, "epoch": 500, "loss/val": 1.1582423448562622, "accuracy_balanced/val": 0.8462957762957763, "precision_micro/val": 0.8700000047683716, "recall_micro/val": 0.8700000047683716, "f1_micro/val": 0.8700000047683716, "auroc_macro/val": 0.9742558002471924, "loss/train_epoch": 2.0058558220625855e-05, "accuracy_balanced/train": 1.0, "precision_micro/train": 1.0, "recall_micro/train": 1.0, "f1_micro/train": 1.0, "auroc_macro/train": 1.0, "loss/test": 1.1574496030807495, "_wandb": {"runtime": 17034}}