{"epoch/lr": 9.184693877551158e-07, "trainer/global_step": 51500, "_timestamp": 1724453141.9140673, "_runtime": 36587.32403230667, "_step": 2531, "loss/train_step": 0.9550977349281311, "epoch": 500, "loss/val": 0.9862385392189026, "accuracy_balanced/val": 0.8355516555516554, "precision_micro/val": 0.8550000190734863, "recall_micro/val": 0.8550000190734863, "f1_micro/val": 0.8550000190734863, "auroc_macro/val": 0.9750943779945374, "loss/train_epoch": 0.0011987664038315415, "accuracy_balanced/train": 0.9992748368382884, "precision_micro/train": 0.9993834495544434, "recall_micro/train": 0.9993834495544434, "f1_micro/train": 0.9993834495544434, "auroc_macro/train": 1.0, "loss/test": 0.8945472240447998, "_wandb": {"runtime": 36581}}