{"epoch/lr": 0.00045005000000000007, "trainer/global_step": 1099, "_timestamp": 1724287964.2517476, "_runtime": 478.34381771087646, "_step": 52, "loss/train_step": 0.1873321682214737, "epoch": 10, "loss/val": 0.6547362804412842, "accuracy_balanced/val": 0.8066565266565268, "precision_micro/val": 0.8349999785423279, "recall_micro/val": 0.8349999785423279, "f1_micro/val": 0.8349999785423279, "auroc_macro/val": 0.9520261883735657, "loss/train_epoch": 0.3473069369792938, "accuracy_balanced/train": 0.8765924554423759, "precision_micro/train": 0.8970406651496887, "recall_micro/train": 0.8970406651496887, "f1_micro/train": 0.8970406651496887, "auroc_macro/train": 0.9850125312805176, "_wandb": {"runtime": 476}}