{"epoch/lr": 0.00025, "trainer/global_step": 64099, "_timestamp": 1725721511.2206953, "_runtime": 86346.38671135902, "_step": 1351, "loss/train_step": 0.06901481747627258, "acc/train_step": 0.9783369302749634, "auroc/train_step": 0.9948327339025609, "epoch": 23, "loss/val": 0.9592340588569641, "acc/val": 0.7975655794143677, "auroc/val": 0.9130925071858692, "loss/train_epoch": 0.09260018169879913, "acc/train_epoch": 0.9673505425453186, "auroc/train_epoch": 0.9925034601788839}