{"epoch/lr": 0.00045005000000000007, "trainer/global_step": 1099, "_timestamp": 1724287923.6604276, "_runtime": 516.5237846374512, "_step": 52, "loss/train_step": 0.10435190796852112, "epoch": 10, "loss/val": 1.5811063051223755, "accuracy_balanced/val": 0.593988923988924, "precision_micro/val": 0.5849999785423279, "recall_micro/val": 0.5849999785423279, "f1_micro/val": 0.5849999785423279, "auroc_macro/val": 0.9087067246437073, "loss/train_epoch": 0.3664003014564514, "accuracy_balanced/train": 0.8559170402191837, "precision_micro/train": 0.8877928256988525, "recall_micro/train": 0.8877928256988525, "f1_micro/train": 0.8877928256988525, "auroc_macro/train": 0.9810174107551575, "_wandb": {"runtime": 510}}