{"epoch/lr": 0.00045005000000000007, "trainer/global_step": 1099, "_timestamp": 1724287021.4295669, "_runtime": 845.6424899101257, "_step": 52, "loss/train_step": 0.23332899808883667, "epoch": 10, "loss/val": 0.6682987809181213, "accuracy_balanced/val": 0.805026325026325, "precision_micro/val": 0.8149999976158142, "recall_micro/val": 0.8149999976158142, "f1_micro/val": 0.8149999976158142, "auroc_macro/val": 0.972603440284729, "loss/train_epoch": 0.3289901912212372, "accuracy_balanced/train": 0.8902572796250531, "precision_micro/train": 0.9093711376190186, "recall_micro/train": 0.9093711376190186, "f1_micro/train": 0.9093711376190186, "auroc_macro/train": 0.9864425659179688, "_wandb": {"runtime": 866}}