{"epoch/lr": 0.000125, "trainer/global_step": 45475, "_timestamp": 1725672380.817033, "_runtime": 37048.531583070755, "_step": 985, "loss/train_step": 0.12817583978176117, "acc/train_step": 0.9557539224624634, "auroc/train_step": 0.9891242416903456, "epoch": 25, "loss/val": 1.0491191148757935, "acc/val": 0.7759835720062256, "auroc/val": 0.8997990969156596, "loss/train_epoch": 0.10475803911685944, "acc/train_epoch": 0.9620864391326904, "auroc/train_epoch": 0.9908880097092889, "loss/test": 1.1471163034439087, "acc/test": 0.7669740915298462, "auroc/test": 0.8906544721322556, "_wandb": {"runtime": 37047}}