{"epoch/lr": 9.184693877551158e-07, "trainer/global_step": 51500, "_timestamp": 1724457106.4075835, "_runtime": 40152.255566358566, "_step": 2531, "loss/train_step": 1.676376314208028e-06, "epoch": 500, "loss/val": 0.8454391360282898, "accuracy_balanced/val": 0.9003155103155103, "precision_micro/val": 0.9100000262260437, "recall_micro/val": 0.9100000262260437, "f1_micro/val": 0.9100000262260437, "auroc_macro/val": 0.9826099872589111, "loss/train_epoch": 2.429170490358956e-05, "accuracy_balanced/train": 1.0, "precision_micro/train": 1.0, "recall_micro/train": 1.0, "f1_micro/train": 1.0, "auroc_macro/train": 1.0, "loss/test": 0.8589603900909424, "_wandb": {"runtime": 40139}}