{"epoch/lr": 0.00045005000000000007, "trainer/global_step": 1099, "_timestamp": 1724288122.7502165, "_runtime": 885.5134043693542, "_step": 52, "loss/train_step": 0.17800405621528625, "epoch": 10, "loss/val": 0.711123526096344, "accuracy_balanced/val": 0.7573039273039274, "precision_micro/val": 0.7900000214576721, "recall_micro/val": 0.7900000214576721, "f1_micro/val": 0.7900000214576721, "auroc_macro/val": 0.9604172706604004, "loss/train_epoch": 0.3256372809410095, "accuracy_balanced/train": 0.8698159171700629, "precision_micro/train": 0.8988902568817139, "recall_micro/train": 0.8988902568817139, "f1_micro/train": 0.8988902568817139, "auroc_macro/train": 0.9845288395881653, "_wandb": {"runtime": 889}}